{
    "$schema": "https://schema.management.azure.com/schemas/2015-01-01/deploymentParameters.json#",
    "contentVersion": "1.0.0.0",
    "parameters": {
        "virtualMachines_mervickvm_name": {
            "value": null
        },
        "virtualNetworks_mervickvmVNET_name": {
            "value": null
        },
        "networkInterfaces_mervickvmVMNic_name": {
            "value": null
        },
        "networkSecurityGroups_mervickvmNSG_name": {
            "value": null
        },
        "publicIPAddresses_mervickvmPublicIP_name": {
            "value": null
        }
    }
}